"Scenario","Agents","PatientYears","CopdPYs","NCaseDetections","DiagnosedPYs","OverdiagnosedPYs","SABA","LAMA","LAMALABA","ICSLAMALABA","Mild","Moderate","Severe","VerySevere","MildPY","ModeratePY","SeverePY","VerySeverePY","NoCOPD","GOLD1","GOLD2","GOLD3","GOLD4","Cost","CostpAgent","QALY","QALYpAgent","NMB"
"S1NoCD",3718120,62566529.8665688,7114654.58401798,19087564,1318086.88287955,1336660,0.0171797542350707,0.135601080363807,0.151459964407718,0.0796889691507614,1542926,288298,483755,41981,0.216865904279591,0.0405217142442331,0.0679941653227528,0.00590063783199034,52712576,2886521,3074656,685563,119768,7978906613.84684,2145.9518826307,46639883.2191866,12.5439424276749,625051.169501114
