"Scenario","Agents","PatientYears","CopdPYs","NCaseDetections","DiagnosedPYs","OverdiagnosedPYs","SABA","LAMA","LAMALABA","ICSLAMALABA","Mild","Moderate","Severe","VerySevere","MildPY","ModeratePY","SeverePY","VerySeverePY","NoCOPD","GOLD1","GOLD2","GOLD3","GOLD4","Cost","CostpAgent","QALY","QALYpAgent","NMB"
"S1NoCD",743128,12498757.6904308,1421785.58074979,3814132,262262.111778877,267345,0.017119261131681,0.135762390796179,0.15136959995959,0.0804721996139103,307237,58063,97203,8413,0.216092358904059,0.0408380847197648,0.0683668489229854,0.00591720728772853,10529668,577647,613813,136603,24218,1600395857.50736,2153.59380551851,9317379.47478886,12.538054648444,624749.138616679
