"Scenario","Agents","PatientYears","CopdPYs","NCaseDetections","DiagnosedPYs","OverdiagnosedPYs","SABA","LAMA","LAMALABA","ICSLAMALABA","Mild","Moderate","Severe","VerySevere","MildPY","ModeratePY","SeverePY","VerySeverePY","NoCOPD","GOLD1","GOLD2","GOLD3","GOLD4","Cost","CostpAgent","QALY","QALYpAgent","NMB"
"S1NoCD",371579,6251100.03534524,706693.304957266,1907271,131040.869356704,133904,0.0171922132265945,0.136018404701646,0.151515608515374,0.0811039378577233,152231,28857,48565,4210,0.215413106268504,0.0408338380986148,0.0687214661003994,0.00595732260439991,5270314,287267,304912,67938,12088,798567287.521849,2149.11845804485,4660359.32347404,12.542041728607,624952.967972303
