"Scenario","Agents","PatientYears","CopdPYs","NCaseDetections","DiagnosedPYs","OverdiagnosedPYs","SABA","LAMA","LAMALABA","ICSLAMALABA","Mild","Moderate","Severe","VerySevere","MildPY","ModeratePY","SeverePY","VerySeverePY","NoCOPD","GOLD1","GOLD2","GOLD3","GOLD4","Cost","CostpAgent","QALY","QALYpAgent","NMB"
"S1NoCD",3696,62339.9727785334,7457.9403535425,18933,1396.63971687155,1387,0.0173475347722279,0.118369021855503,0.148211954864437,0.0756607860749037,1734,260,464,48,0.23250387074715,0.0348621720843478,0.062215568642836,0.00643609330787959,52174,3045,3113,749,178,8072027.15914358,2183.99003223582,46428.0300953044,12.5616964543573,625900.832685627
