"Scenario","Agents","PatientYears","CopdPYs","NCaseDetections","DiagnosedPYs","OverdiagnosedPYs","SABA","LAMA","LAMALABA","ICSLAMALABA","Mild","Moderate","Severe","VerySevere","MildPY","ModeratePY","SeverePY","VerySeverePY","NoCOPD","GOLD1","GOLD2","GOLD3","GOLD4","Cost","CostpAgent","QALY","QALYpAgent","NMB"
"S1NoCD",37196486,625953635.838479,71118020.8847579,190966216,13166456.1704389,13371458,0.0171523229869794,0.135457495761723,0.151286050897898,0.0796452013453249,15396892,2883299,4850541,419077,0.216497756946157,0.0405424527304015,0.068204105508785,0.00589269772677008,527427474,28845970,30727603,6872520,1191666,79864892644.739,2147.10853720803,466614758.380329,12.5445924752228,625082.515223931
