"Scenario","Agents","PatientYears","CopdPYs","NCaseDetections","DiagnosedPYs","OverdiagnosedPYs","SABA","LAMA","LAMALABA","ICSLAMALABA","Mild","Moderate","Severe","VerySevere","MildPY","ModeratePY","SeverePY","VerySeverePY","NoCOPD","GOLD1","GOLD2","GOLD3","GOLD4","Cost","CostpAgent","QALY","QALYpAgent","NMB","IncrementalCosts","IncrementalQALY","ICER","IncrementalNMB"
"S2NoCD",441551,7285931.52158562,1003224.72124384,2218016,192665.189043913,154284,0.0173020521286674,0.140725422520702,0.158176302427129,0.0875099798009844,227208,42560,70869,6005,0.22647767263779,0.0424231970153532,0.0706412018158144,0.00598569779316719,5971718,371999,451002,110829,20022,1172222126.7872,2654.78308686244,5415116.03082896,12.2638518106152,610537.807443899,0,0,NA,0
"S2a",441650,7300020.04169792,1009033.09911464,2177405,372664.541416119,154839,0.0233876105673331,0.156322747038309,0.268415062847487,0.0962520726021465,225636,41689,69330,5933,0.223616054020409,0.0413157903705828,0.0687093417062657,0.00587988640333584,5979687,373791,452824,112243,20668,1270487698.90989,2876.6844761913,5428809.94726154,12.2921090167815,611728.766362883,221.901389328861,0.0282572061662627,7852.91327186469,1190.95891898428
