"Scenario","Agents","PatientYears","CopdPYs","NCaseDetections","DiagnosedPYs","OverdiagnosedPYs","SABA","LAMA","LAMALABA","ICSLAMALABA","Mild","Moderate","Severe","VerySevere","MildPY","ModeratePY","SeverePY","VerySeverePY","NoCOPD","GOLD1","GOLD2","GOLD3","GOLD4","Cost","CostpAgent","QALY","QALYpAgent","NMB","IncrementalCosts","IncrementalQALY","ICER","IncrementalNMB"
"S2NoCD",441928,7297146.64777778,1006399.26403546,1451115,196458.207819134,189364,0.020953878389724,0.143194151425834,0.160944294672526,0.0883232264722505,229866,42583,71068,6045,0.228404380065107,0.0423122328500625,0.0706161088741573,0.00600656242112176,5979065,373031,452552,111082,20415,1179924911.30067,2669.94829768802,5422978.6814283,12.2711814626552,610889.124835074,0,0,NA,0
"S2a",441121,7288287.06435185,997037.48977883,1433110,323817.830577975,189564,0.024912779823601,0.153901641484086,0.242505100675562,0.094884937110073,224659,41635,70018,5850,0.225326532154609,0.0417587106069961,0.0702260453772224,0.00586738217967881,5979711,367437,448653,111244,20854,1240789795.37482,2812.81053356068,5419996.18206155,12.2868695484041,611530.666886642,142.862235872664,0.0156880857488275,9106.41605100488,641.542051568627
