"Scenario","Agents","PatientYears","CopdPYs","NCaseDetections","DiagnosedPYs","OverdiagnosedPYs","SABA","LAMA","LAMALABA","ICSLAMALABA","Mild","Moderate","Severe","VerySevere","MildPY","ModeratePY","SeverePY","VerySeverePY","NoCOPD","GOLD1","GOLD2","GOLD3","GOLD4","Cost","CostpAgent","QALY","QALYpAgent","NMB","IncrementalCosts","IncrementalQALY","ICER","IncrementalNMB"
"S2NoCD",44157029,729047563.461063,100380900.154714,145000421,19524492.074223,18863743,0.0209029627109113,0.141781753914197,0.159519185673724,0.0873704363140082,22925265,4254784,7099566,609563,0.228382739790797,0.0423863901742486,0.0707262635527043,0.00607249983871931,597538799,37245010,45040554,11117169,2054803,117807957834.59,2667.93216170838,541828917.159047,12.2705021019201,610857.172934297,0,0,NA,0
"S2a",44154576,729145856.381239,100448839.030434,143361789,32595478.4145126,18878233,0.0250078581664384,0.153560443203067,0.241814960491553,0.0950258179639202,22519648,4200194,7025459,605531,0.224190226759883,0.0418142612751096,0.0699406689794734,0.00602825284836329,597564735,37286040,45033303,11135908,2066352,124844786046.661,2827.44841772824,542208652.492346,12.2797839230151,611161.747733024,159.516256019854,0.00928182109493747,17185.879192054,304.574798727059
