"Scenario","Agents","PatientYears","CopdPYs","NCaseDetections","DiagnosedPYs","OverdiagnosedPYs","SABA","LAMA","LAMALABA","ICSLAMALABA","Mild","Moderate","Severe","VerySevere","MildPY","ModeratePY","SeverePY","VerySeverePY","NoCOPD","GOLD1","GOLD2","GOLD3","GOLD4","Cost","CostpAgent","QALY","QALYpAgent","NMB","IncrementalCosts","IncrementalQALY","ICER","IncrementalNMB"
"S2NoCD",44166055,729117911.619028,100405688.054024,221954036,19343537.4086331,15478949,0.0172677031834835,0.141307805640671,0.159020339956761,0.087068332370569,22957271,4249333,7089574,607905,0.228645124045637,0.0423216361777591,0.0706092865593966,0.00605448766680339,597585749,37297625,44999354,11122450,2059355,117144112005.875,2652.35624974599,541887055.653208,12.2693108010939,610813.18380495,0,0,NA,0
"S2a",44161595,729112649.111399,100432994.923407,217571137,37001975.4298114,15492083,0.0230379296587062,0.156650549966554,0.268724843641739,0.0971122791982347,22424977,4176799,6987343,599803,0.223282966091989,0.0415879164330939,0.069572185966661,0.0059721708036032,597552506,37218775,45066339,11152095,2067861,127021423439.75,2876.28704171011,542294219.918781,12.2797697845556,611112.202186069,223.930791964115,0.0104589834616728,21410.3782441873,299.018381119589
