"Scenario","Agents","PatientYears","CopdPYs","NCaseDetections","DiagnosedPYs","OverdiagnosedPYs","SABA","LAMA","LAMALABA","ICSLAMALABA","Mild","Moderate","Severe","VerySevere","MildPY","ModeratePY","SeverePY","VerySeverePY","NoCOPD","GOLD1","GOLD2","GOLD3","GOLD4","Cost","CostpAgent","QALY","QALYpAgent","NMB","IncrementalCosts","IncrementalQALY","ICER","IncrementalNMB"
"S2NoCD",220672,3646307.80151945,502578.073152687,1110141,96247.4871147604,77938,0.0173504924432269,0.140593636345603,0.157731739916937,0.0874189366504351,115097,21182,35308,3031,0.229013174566079,0.042146685523156,0.0702537613280896,0.0060309037777682,2988201,185992,226664,55060,10270,584381014.92897,2648.18832896321,2709800.76116846,12.279767080411,611340.165691587,0,0,NA,0
"S2a",221092,3651065.78889339,499845.964975156,1090387,182750.484808375,78064,0.0227878442389664,0.158914058881105,0.269191765503864,0.0981646397545021,111323,20717,35000,2967,0.222714611701493,0.0414467685080337,0.0700215715490264,0.00593582865102746,2995270,186009,223409,55954,9890,633874232.461692,2867.0156878661,2715994.84233432,12.2844555313368,611355.760878974,218.827358902889,0.00468845092579606,46673.70147758,15.5951873869635
