"Scenario","Agents","PatientYears","CopdPYs","NCaseDetections","DiagnosedPYs","OverdiagnosedPYs","SABA","LAMA","LAMALABA","ICSLAMALABA","Mild","Moderate","Severe","VerySevere","MildPY","ModeratePY","SeverePY","VerySeverePY","NoCOPD","GOLD1","GOLD2","GOLD3","GOLD4","Cost","CostpAgent","QALY","QALYpAgent","NMB","IncrementalCosts","IncrementalQALY","ICER","IncrementalNMB"
"S2NoCD",44157584,728952311.283056,100323387.704061,144982166,19523087.5794101,18911929,0.0209492764642343,0.141811702826159,0.159601190203368,0.0873978905645692,22913196,4246236,7091076,607396,0.228393363944113,0.0423254845871608,0.0706821825127916,0.00605438087668776,597502927,37198908,45025648,11128697,2049374,117261957082.6,2655.53380553157,541767606.755468,12.268959433004,610792.43784467,0,0,NA,0
"S2a",44167644,729258231.210927,100451468.864785,143393557,32589486.3321875,18909118,0.0250723482405978,0.152887137993859,0.241222572786426,0.0947673979522638,22572868,4195555,7015184,599814,0.22471416550797,0.0417669850666646,0.0698365497217661,0.00597118197253435,597673662,37222091,45078868,11153960,2067390,124138133750.894,2810.61253235274,542293812.182945,12.2780787714859,611093.32604194,155.078726821173,0.00911933848182223,17005.4798525458,300.888197269873
