"Scenario","Agents","PatientYears","CopdPYs","NCaseDetections","DiagnosedPYs","OverdiagnosedPYs","SABA","LAMA","LAMALABA","ICSLAMALABA","Mild","Moderate","Severe","VerySevere","MildPY","ModeratePY","SeverePY","VerySeverePY","NoCOPD","GOLD1","GOLD2","GOLD3","GOLD4","Cost","CostpAgent","QALY","QALYpAgent","NMB","IncrementalCosts","IncrementalQALY","ICER","IncrementalNMB"
"S2NoCD",22087417,364646033.862504,50186626.8961598,72526119,9746775.33878268,9462789,0.0209497676599648,0.141521596875195,0.159221468171808,0.0872212806913073,11464621,2124260,3543653,304619,0.228439759932885,0.0423272120757442,0.0706095073361298,0.00606972452303443,298890008,18629794,22515326,5556637,1022110,58618311506.2402,2653.92334043588,271012140.254789,12.2699788868381,610845.021001469,0,0,NA,0
"S2a",22083208,364595007.180507,50239139.3369861,71692048,16275035.6947752,9453921,0.0250607852967275,0.152853756580684,0.241062817518018,0.0946113256399238,11292655,2099389,3509042,300286,0.22477803459675,0.0417879173032415,0.069846777757529,0.00597713264922374,298790965,18626223,22537013,5579347,1031500,62093405680.7366,2811.79281926505,271120515.09004,12.2772250793472,611049.461148094,157.869478829174,0.00724619250909875,21786.5421917709,204.44014662574
