"Scenario","Agents","PatientYears","CopdPYs","NCaseDetections","DiagnosedPYs","OverdiagnosedPYs","SABA","LAMA","LAMALABA","ICSLAMALABA","Mild","Moderate","Severe","VerySevere","MildPY","ModeratePY","SeverePY","VerySeverePY","NoCOPD","GOLD1","GOLD2","GOLD3","GOLD4","Cost","CostpAgent","QALY","QALYpAgent","NMB","IncrementalCosts","IncrementalQALY","ICER","IncrementalNMB"
"S2NoCD",22078475,364456517.65659,50216444.6152497,110945016,9669471.97880161,7747302,0.0172763187293212,0.141468940724062,0.159172160434852,0.0871643552623369,11485953,2127051,3548098,303898,0.228728917150617,0.0423576582591046,0.0706560973638209,0.00605176257157227,298681487,18624314,22530486,5565392,1033338,58623262797.6865,2655.22246430908,270860548.807215,12.268082320324,610748.893551889,0,0,NA,0
"S2a",22076350,364496012.618014,50208572.6479974,108779574,18474523.9052724,7734901,0.023021456417017,0.156585627680087,0.268457280298273,0.0969502499649857,11218640,2089613,3490800,299139,0.223440727515831,0.0416186497602685,0.0695259756630272,0.00595792678866228,298727047,18618226,22519514,5573954,1032785,63456641764.5573,2874.4172729893,271102266.321126,12.2802123684905,611136.201151538,219.194808680214,0.0121300481665791,18070.39886982,387.307599648717
