"Scenario","Agents","PatientYears","CopdPYs","NCaseDetections","DiagnosedPYs","OverdiagnosedPYs","SABA","LAMA","LAMALABA","ICSLAMALABA","Mild","Moderate","Severe","VerySevere","MildPY","ModeratePY","SeverePY","VerySeverePY","NoCOPD","GOLD1","GOLD2","GOLD3","GOLD4","Cost","CostpAgent","QALY","QALYpAgent","NMB","IncrementalCosts","IncrementalQALY","ICER","IncrementalNMB"
"S2NoCD",220307,3639677.07049743,505565.494475947,723638,97786.6825844269,93935,0.0208680985147773,0.140400016076911,0.158047591836151,0.0867635967741408,116117,21211,34954,2947,0.229677462700185,0.0419549993655849,0.0691384209997009,0.00582911617228696,2978976,188666,227333,54796,10027,580518447.212724,2635.04313168771,2704712.96839822,12.2770178360116,611215.848668894,0,0,NA,0
"S2a",220415,3638221.3959254,501917.485586664,715143,163146.32227464,94966,0.0251861764090705,0.155871269715584,0.243492932793328,0.0973777302953084,112438,20618,35416,2950,0.224016901639873,0.0410784652698456,0.0705613990686222,0.00587746010990613,2981136,184454,226297,56182,10396,624560909.532004,2833.56808534811,2705380.91314197,12.2740326799082,610868.065910062,198.524953660402,-0.00298515610343486,-66504.0442715776,-347.782758832094
