"Scenario","Agents","PatientYears","CopdPYs","NCaseDetections","DiagnosedPYs","OverdiagnosedPYs","SABA","LAMA","LAMALABA","ICSLAMALABA","Mild","Moderate","Severe","VerySevere","MildPY","ModeratePY","SeverePY","VerySeverePY","NoCOPD","GOLD1","GOLD2","GOLD3","GOLD4","Cost","CostpAgent","QALY","QALYpAgent","NMB","IncrementalCosts","IncrementalQALY","ICER","IncrementalNMB"
"S2NoCD",44156404,729084497.054691,100330759.79117,221928932,19330951.6588092,15481473,0.0172596709453046,0.141645486548806,0.159259990701265,0.08725337635747,22917076,4253860,7098458,609501,0.228415254182267,0.0423983632622146,0.070750565577046,0.00607491661847899,597619551,37246010,44990133,11123560,2050468,117605933754.634,2663.39473102553,541859031.247822,12.2713577683505,610904.493686498,0,0,NA,0
"S2a",44164773,729329891.015329,100492048.993736,217625447,37010683.2532179,15485858,0.0230145995823502,0.157180410449991,0.268827891528291,0.0973046709934024,22383331,4181008,7006346,603148,0.222737333193348,0.0416053612386849,0.0697204014661571,0.00600194747783078,597700094,37284225,45068617,11147317,2064302,127735308298.483,2892.24419422426,542449119.230119,12.2823934639066,611227.429001106,228.84946319874,0.0110356955561279,20737.2033810468,322.93531460769
