"Scenario","Agents","PatientYears","CopdPYs","NCaseDetections","DiagnosedPYs","OverdiagnosedPYs","SABA","LAMA","LAMALABA","ICSLAMALABA","Mild","Moderate","Severe","VerySevere","MildPY","ModeratePY","SeverePY","VerySeverePY","NoCOPD","GOLD1","GOLD2","GOLD3","GOLD4","Cost","CostpAgent","QALY","QALYpAgent","NMB","IncrementalCosts","IncrementalQALY","ICER","IncrementalNMB"
"S3NoCD",172607,2601782.96601126,418946.737298879,524751,79080.5183459111,69779,0.0219319936452196,0.136187436269908,0.153035640273953,0.0850096690099732,96401,18147,30410,2620,0.230103236085658,0.0433157687705151,0.0725867927652706,0.0062537782652091,2073801,154314,187496,48376,8660,500398655.350639,2899.06351046388,1937978.66834291,11.2276945219076,558485.662584918,0,0,NA,0
"S3a",172800,2606733.69061148,418711.69309898,522857,101566.383230866,70474,0.0239204706504196,0.14163251678719,0.189086444048798,0.0895349211968589,97831,18175,30641,2648,0.233647642548339,0.0434069559067786,0.0731792316885613,0.00632416061849516,2078719,153284,187861,48302,9067,525843604.428328,3043.07641451579,1941999.37324835,11.2384222988909,558878.038530031,144.012904051907,0.0107277769832965,13424.3006986573,392.375945112901
"S3b",172689,2604205.43587946,418309.271387172,516299,150401.471747707,70109,0.0284744585510796,0.152325454090218,0.26106402196542,0.0958683800768491,95325,17937,30460,2588,0.227881633328109,0.0428797572201027,0.0728169373320137,0.00618681003989663,2076849,152753,188770,47914,8764,540529545.400476,3130.07513738846,1941365.13936054,11.2419733703973,558968.593382476,231.01162692458,0.0142788484896439,16178.589407411,482.930797557579
"S3c",172313,2598509.24811141,416186.782690942,518483,124356.003179581,70991,0.0262703008727711,0.145673817849201,0.224038428724757,0.0914910078295549,94448,18030,30042,2629,0.226936567733667,0.0433218947594234,0.0721839357938213,0.006316875281338,2073304,154887,185675,46559,9007,524243526.006953,3042.39103263801,1936949.0305675,11.2408757932802,559001.398631374,143.327522174124,0.0131812713726127,10873.5734302475,515.736046456499
"S3d",172648,2601113.58324644,418132.440832377,520387,114106.898227708,70142,0.0253028264376883,0.143334147963093,0.208022350964926,0.0913733455085488,95889,18326,29868,2568,0.229326860669107,0.0438282185508458,0.0714319126747059,0.00614159474181883,2074052,154251,186772,47722,9166,525750685.572112,3045.21735306584,1938413.2242891,11.2275452034724,558332.042820552,146.153842601962,-0.000149318435276768,-978806.416843702,-153.619764365838
