"Scenario","Agents","PatientYears","CopdPYs","NCaseDetections","DiagnosedPYs","OverdiagnosedPYs","SABA","LAMA","LAMALABA","ICSLAMALABA","Mild","Moderate","Severe","VerySevere","MildPY","ModeratePY","SeverePY","VerySeverePY","NoCOPD","GOLD1","GOLD2","GOLD3","GOLD4","Cost","CostpAgent","QALY","QALYpAgent","NMB","IncrementalCosts","IncrementalQALY","ICER","IncrementalNMB"
"S2NoCD",219759,3629136.74073789,502614.397989472,1104519,96571.8523002538,76657,0.0170431614913482,0.142034829303542,0.158954630587854,0.0878434841039129,114918,21470,35762,3125,0.22864048554854,0.042716643386825,0.0711519609128847,0.00621749001321975,2971512,185231,226774,55920,10059,592355609.78032,2695.47827292771,2696621.66955049,12.270813343483,610845.188901224,0,0,NA,0
"S2a",221233,3655044.59142162,504163.303484035,1090071,187694.296862845,76886,0.0228815658119756,0.160704552475839,0.272627130892491,0.100273754732151,111819,21267,35379,3000,0.221791231585622,0.0421827607305684,0.0701736912534339,0.00595045291727584,2994733,187473,224775,56946,10292,644478700.578359,2913.12191480638,2718304.3379968,12.2870653925807,611440.147714226,217.643641878671,0.0162520490976181,13391.7662056884,594.9588130021
