"Scenario","Agents","PatientYears","CopdPYs","NCaseDetections","DiagnosedPYs","OverdiagnosedPYs","SABA","LAMA","LAMALABA","ICSLAMALABA","Mild","Moderate","Severe","VerySevere","MildPY","ModeratePY","SeverePY","VerySeverePY","NoCOPD","GOLD1","GOLD2","GOLD3","GOLD4","Cost","CostpAgent","QALY","QALYpAgent","NMB","IncrementalCosts","IncrementalQALY","ICER","IncrementalNMB"
"S2NoCD",44169627,729291959.65237,100236177.929407,222025465,19254230.1133893,15478034,0.0126027622048034,0.113362509068616,0.129080789036851,0.0684902546348088,23052229,4287439,7167641,614604,0.229979130052575,0.0427733687433645,0.0715075250080661,0.00613155861183023,597908767,37228434,44976971,11068285,2045199,115689770204.655,2619.21546687852,541939121.858374,12.2694973597666,610855.65252145,0,0,NA,0
"S2a",44160949,729213338.420207,100411632.62882,217625192,36913604.518572,15475395,0.0171022626734094,0.126071148492788,0.213939481424319,0.0765981723568754,22659589,4231677,7093609,610239,0.225666971114424,0.0421432944491876,0.0706452909318001,0.00607737354750322,597665923,37293487,45021349,11111531,2060401,125061550641.319,2831.94889315714,542188778.822058,12.2775617621365,611046.139213666,212.733426278626,0.00806440236989303,26379.3169687102,190.486692215898
