"Scenario","Agents","PatientYears","CopdPYs","NCaseDetections","DiagnosedPYs","OverdiagnosedPYs","SABA","LAMA","LAMALABA","ICSLAMALABA","Mild","Moderate","Severe","VerySevere","MildPY","ModeratePY","SeverePY","VerySeverePY","NoCOPD","GOLD1","GOLD2","GOLD3","GOLD4","Cost","CostpAgent","QALY","QALYpAgent","NMB","IncrementalCosts","IncrementalQALY","ICER","IncrementalNMB"
"S2NoCD",44161947,729134344.916968,100302967.519435,145026996,19455742.1375037,18874539,0.0152150602049782,0.113562446755575,0.129316672599611,0.0686173118014457,23078136,4290149,7170384,614794,0.230084279366193,0.0427719050203446,0.0714872568312659,0.00612936999975473,597692985,37218536,45009582,11102992,2053801,115909538934.094,2624.64739007305,541812856.191261,12.2687719404958,610813.949634715,0,0,NA,0
"S2a",44153696,729027330.80831,100344553.98232,143355795,32517861.3968339,18865336,0.0184543744370316,0.122988652604536,0.192981719808478,0.0746523331439602,22746217,4246299,7110252,611863,0.226681131135504,0.0423171844557518,0.0708583746483416,0.00609762040606412,597553529,37247207,45004672,11120661,2049752,122347109538.207,2770.93699105521,541973646.059261,12.274706200343,610964.373026096,146.289600982165,0.00593425984727602,24651.7012647021,150.423391381628
