"Scenario","Agents","PatientYears","CopdPYs","NCaseDetections","DiagnosedPYs","OverdiagnosedPYs","SABA","LAMA","LAMALABA","ICSLAMALABA","Mild","Moderate","Severe","VerySevere","MildPY","ModeratePY","SeverePY","VerySeverePY","NoCOPD","GOLD1","GOLD2","GOLD3","GOLD4","Cost","CostpAgent","QALY","QALYpAgent","NMB","IncrementalCosts","IncrementalQALY","ICER","IncrementalNMB"
"S2NoCD",44163779,729110125.25053,100270392.844012,221985438,19211381.5778206,15462784,0.00782437969379469,0.0781402939426079,0.0906255951752374,0.0461696179822405,23315005,4352165,7285709,624495,0.232521328965676,0.0434042879114931,0.072660620880724,0.00622810963722374,597704679,37249571,44985524,11072236,2046227,113807771008.194,2576.94820473116,541685290.588898,12.26537454118,610691.778854267,0,0,NA,0
"S2a",44158975,729026188.172413,100272734.57212,217592129,36825608.0836541,15470520,0.0108473602112879,0.0870816202173063,0.146870164077083,0.0517422632140079,23021851,4306908,7227650,622801,0.229592332334787,0.0429519352232517,0.0720799131572662,0.00621107026409117,597620485,37227506,44976643,11100756,2051792,122196863470.348,2767.20334813812,541838063.307431,12.2701684834721,610741.220825465,190.255143406958,0.00479394229210506,39686.573557692,49.4419711983064
