"Scenario","Agents","PatientYears","CopdPYs","NCaseDetections","DiagnosedPYs","OverdiagnosedPYs","SABA","LAMA","LAMALABA","ICSLAMALABA","Mild","Moderate","Severe","VerySevere","MildPY","ModeratePY","SeverePY","VerySeverePY","NoCOPD","GOLD1","GOLD2","GOLD3","GOLD4","Cost","CostpAgent","QALY","QALYpAgent","NMB","IncrementalCosts","IncrementalQALY","ICER","IncrementalNMB"
"S2NoCD",44169529,729165462.842089,100186079.814599,145052565,19369143.6024682,18880982,0.00940183851696149,0.0782833173067328,0.0908230995664802,0.0461577912978264,23297548,4347180,7273198,625208,0.232542764854296,0.0433910579997217,0.072596891838263,0.00624046774918223,597835526,37205106,44965425,11066632,2036577,113773134516.757,2575.82856536136,541738864.467824,12.2649907466259,610673.708765933,0,0,NA,0
"S2a",44154734,729015420.172511,100238812.631681,143371118,32415084.5441098,18870033,0.0115767708371861,0.0848724765515316,0.132911054075279,0.0502966613201713,23056457,4313674,7230388,621602,0.230015264493595,0.0430339694450515,0.0721316205786221,0.00620121072547043,597641299,37244329,44954343,11080038,2044854,119517971594.649,2706.7985868661,541781896.909873,12.2700749801793,610796.950422099,130.970021504743,0.00508423355342558,25760.0324864108,123.241656166501
