"Scenario","Agents","PatientYears","CopdPYs","NCaseDetections","DiagnosedPYs","OverdiagnosedPYs","SABA","LAMA","LAMALABA","ICSLAMALABA","Mild","Moderate","Severe","VerySevere","MildPY","ModeratePY","SeverePY","VerySeverePY","NoCOPD","GOLD1","GOLD2","GOLD3","GOLD4","Cost","CostpAgent","QALY","QALYpAgent","NMB","IncrementalCosts","IncrementalQALY","ICER","IncrementalNMB"
"S2NoCD",220397,3639094.55347287,500462.090213351,723634,97984.2792657657,94374,0.0208754314119283,0.143495190199847,0.161001526700289,0.0886710269708215,113632,20801,35464,3162,0.227054160988613,0.0415635877457418,0.0708625102550353,0.00631816087938252,2983222,185215,225525,55153,9975,590082858.532087,2677.36338757827,2703020.09761397,12.2643234600016,610538.809612502,0,0,NA,0
"S2a",220997,3650523.36186188,503218.434358551,717655,163667.335691383,93940,0.0249810790584801,0.154244879134941,0.241114323917093,0.0961987661866115,113046,21082,35624,3147,0.224645983297689,0.0418943316869405,0.0707923191355453,0.00625374546147432,2991406,186001,226733,55274,10587,631718348.233518,2858.49286747566,2711713.06376703,12.2703614246665,610659.578365852,181.129479897391,0.00603796466495155,29998.4332384039,120.768753350247
