"Scenario","Agents","PatientYears","CopdPYs","NCaseDetections","DiagnosedPYs","OverdiagnosedPYs","SABA","LAMA","LAMALABA","ICSLAMALABA","Mild","Moderate","Severe","VerySevere","MildPY","ModeratePY","SeverePY","VerySeverePY","NoCOPD","GOLD1","GOLD2","GOLD3","GOLD4","Cost","CostpAgent","QALY","QALYpAgent","NMB","IncrementalCosts","IncrementalQALY","ICER","IncrementalNMB"
"S2NoCD",44156404,729084497.054691,100330759.79117,221928932,19330951.6588092,15481473,0.0172596709453046,0.141645486548806,0.159259990701265,0.08725337635747,22917076,4253860,7098458,609501,0.228415254182267,0.0423983632622146,0.070750565577046,0.00607491661847899,597619551,37246010,44990133,11123560,2050468,117605933754.634,2663.39473102553,541420336.358576,12.2614227453525,610407.742536601,0,0,NA,0
"S2a",44164773,729329891.015329,100492048.993736,217625447,37010683.2532179,15485858,0.0230145995823502,0.157180410449991,0.268827891528291,0.0973046709934024,22383331,4181008,7006346,603148,0.222737333193348,0.0416053612386849,0.0697204014661571,0.00600194747783078,597700094,37284225,45068617,11147317,2064302,127735308298.483,2892.24419422426,541606918.406355,12.2633239483956,610273.953225555,228.84946319874,0.00190120304304386,120370.869400854,-133.789311046479
