"Scenario","Agents","PatientYears","CopdPYs","NCaseDetections","DiagnosedPYs","OverdiagnosedPYs","SABA","LAMA","LAMALABA","ICSLAMALABA","Mild","Moderate","Severe","VerySevere","MildPY","ModeratePY","SeverePY","VerySeverePY","NoCOPD","GOLD1","GOLD2","GOLD3","GOLD4","Cost","CostpAgent","QALY","QALYpAgent","NMB","IncrementalCosts","IncrementalQALY","ICER","IncrementalNMB"
"S2NoCD",220397,3639094.55347287,500462.090213351,723634,97984.2792657657,94374,0.0208754314119283,0.143495190199847,0.161001526700289,0.0886710269708215,113632,20801,35464,3162,0.227054160988613,0.0415635877457418,0.0708625102550353,0.00631816087938252,2983222,185215,225525,55153,9975,683061589.515173,3099.23270060469,3068431.65131448,13.9222931859984,693015.426599313,0,0,NA,0
"S2a",220997,3650523.36186188,503218.434358551,717655,163667.335691383,93940,0.0249810790584801,0.154244879134941,0.241114323917093,0.0961987661866115,113046,21082,35624,3147,0.224645983297689,0.0418943316869405,0.0707923191355453,0.00625374546147432,2991406,186001,226733,55274,10587,729471179.539627,3300.81937555545,3079585.47016579,13.9349650455246,693447.432900673,201.586674950753,0.0126718595262165,15908.215722696,432.006301360088
