"Scenario","Agents","PatientYears","CopdPYs","NCaseDetections","DiagnosedPYs","OverdiagnosedPYs","SABA","LAMA","LAMALABA","ICSLAMALABA","Mild","Moderate","Severe","VerySevere","MildPY","ModeratePY","SeverePY","VerySeverePY","NoCOPD","GOLD1","GOLD2","GOLD3","GOLD4","Cost","CostpAgent","QALY","QALYpAgent","NMB","IncrementalCosts","IncrementalQALY","ICER","IncrementalNMB"
"S3NoCD",172607,2601782.96601126,418946.737298879,524751,79080.5183459111,69779,0.0219319936452196,0.136187436269908,0.153035640273953,0.0850096690099732,96401,18147,30410,2620,0.230103236085658,0.0433157687705151,0.0725867927652706,0.0062537782652091,2073801,154314,187496,48376,8660,436729932.81265,2530.19827013186,1733089.1328818,10.040665401066,499503.07178317,0,0,NA,0
"S3a",172800,2606733.69061148,418711.69309898,522857,101566.383230866,70474,0.0239204706504196,0.14163251678719,0.189086444048798,0.0895349211968589,97831,18175,30641,2648,0.233647642548339,0.0434069559067786,0.0731792316885613,0.00632416061849516,2078719,153284,187861,48302,9067,459674341.418533,2660.15243876466,1736559.0414793,10.0495314900423,499816.422063349,129.954168632801,0.00886608897624619,14657.4401611546,313.350280179526
"S3b",172689,2604205.43587946,418309.271387172,516299,150401.471747707,70109,0.0284744585510796,0.152325454090218,0.26106402196542,0.0958683800768491,95325,17937,30460,2588,0.227881633328109,0.0428797572201027,0.0728169373320137,0.00618681003989663,2076849,152753,188770,47914,8764,472937816.773302,2738.66787562208,1735993.60843522,10.0527167823962,499897.17124419,208.469605490226,0.0120513813302097,17298.3992272858,394.099461020203
"S3c",172313,2598509.24811141,416186.782690942,518483,124356.003179581,70991,0.0262703008727711,0.145673817849201,0.224038428724757,0.0914910078295549,94448,18030,30042,2629,0.226936567733667,0.0433218947594234,0.0721839357938213,0.006316875281338,2073304,154887,185675,46559,9007,458345625.809629,2659.95964210262,1732055.57669565,10.0517986263117,499929.971673482,129.761371970761,0.0111332252456577,11655.3262066957,426.89989031211
"S3d",172648,2601113.58324644,418132.440832377,520387,114106.898227708,70142,0.0253028264376883,0.143334147963093,0.208022350964926,0.0913733455085488,95889,18326,29868,2568,0.229326860669107,0.0438282185508458,0.0714319126747059,0.00614159474181883,2074052,154251,186772,47722,9166,460042988.17588,2664.62969843775,1733478.09044814,10.0405338633992,499362.063471521,134.431428305889,-0.000131537666856474,-1021999.48895682,-141.008311648737
