"Scenario","Agents","PatientYears","CopdPYs","NCaseDetections","DiagnosedPYs","OverdiagnosedPYs","SABA","LAMA","LAMALABA","ICSLAMALABA","Mild","Moderate","Severe","VerySevere","MildPY","ModeratePY","SeverePY","VerySeverePY","NoCOPD","GOLD1","GOLD2","GOLD3","GOLD4","Cost","CostpAgent","QALY","QALYpAgent","NMB","IncrementalCosts","IncrementalQALY","ICER","IncrementalNMB"
"S2NoCD",44156404,729084497.054691,100330759.79117,221928932,19330951.6588092,15481473,0.0172596709453046,0.141645486548806,0.159259990701265,0.08725337635747,22917076,4253860,7098458,609501,0.228415254182267,0.0423983632622146,0.070750565577046,0.00607491661847899,597619551,37246010,44990133,11123560,2050468,102511836117.178,2321.56214797695,481847557.683567,10.9122916278139,543293.019242717,0,0,NA,0
"S2a",44164773,729329891.015329,100492048.993736,217625447,37010683.2532179,15485858,0.0230145995823502,0.157180410449991,0.268827891528291,0.0973046709934024,22383331,4181008,7006346,603148,0.222737333193348,0.0416053612386849,0.0697204014661571,0.00600194747783078,597700094,37284225,45068617,11147317,2064302,111527223359.312,2525.25295124493,482358788.680347,10.9217993417593,543564.714136718,203.690803267972,0.00950771394538741,21423.741231381,271.69489400147
