"Scenario","Agents","PatientYears","CopdPYs","NCaseDetections","DiagnosedPYs","OverdiagnosedPYs","SABA","LAMA","LAMALABA","ICSLAMALABA","Mild","Moderate","Severe","VerySevere","MildPY","ModeratePY","SeverePY","VerySeverePY","NoCOPD","GOLD1","GOLD2","GOLD3","GOLD4","Cost","CostpAgent","QALY","QALYpAgent","NMB","IncrementalCosts","IncrementalQALY","ICER","IncrementalNMB"
"S2NoCD",22078563,364522748.573687,50166624.1671238,110968095,9653605.82348446,7738507,0.0172779795723912,0.141222462720366,0.158929640922804,0.0870932535738703,11438971,2125413,3543389,304919,0.228019548652357,0.0423670724368348,0.0706323987078669,0.00607812475051542,298790021,18633807,22502661,5543543,1025792,51195392088.1397,2318.78279796288,240914015.067657,10.9116709754913,543264.765976604,0,0,NA,0
"S2a",22077788,364622606.499305,50226922.8843361,108797477,18511083.7047635,7734136,0.0229898067769556,0.157327004308664,0.269003214018226,0.0973502415391329,11192847,2087413,3500787,300763,0.22284556483333,0.041559643317329,0.0696994121670902,0.00598808333714978,298828425,18622586,22524521,5579724,1036307,55740228536.7613,2524.71980149285,241147117.181689,10.9226122282581,543605.89161141,205.937003529974,0.0109412527667185,18822.0679953945,341.125634805998
