"Scenario","Agents","PatientYears","CopdPYs","NCaseDetections","DiagnosedPYs","OverdiagnosedPYs","SABA","LAMA","LAMALABA","ICSLAMALABA","Mild","Moderate","Severe","VerySevere","MildPY","ModeratePY","SeverePY","VerySeverePY","NoCOPD","GOLD1","GOLD2","GOLD3","GOLD4","Cost","CostpAgent","QALY","QALYpAgent","NMB","IncrementalCosts","IncrementalQALY","ICER","IncrementalNMB"
"S2NoCD",22074342,364499892.795735,50179989.1467565,72492409,9769650.24862608,9434235,0.0208917555301636,0.141988942022567,0.159733364688847,0.0874666663868567,11472370,2126666,3551252,304704,0.228624401779918,0.0423807584688858,0.070770282345299,0.00607222132130921,298757005,18626945,22501053,5562438,1027303,51361753549.0855,2326.76260742384,240891915.913164,10.9127563536509,543311.055075123,0,0,NA,0
"S2a",22077777,364514085.756087,50214778.8994209,71673455,16290550.2537317,9435494,0.0250429167756047,0.153202361136407,0.241328632393267,0.094789501013715,11245330,2100490,3507989,302346,0.223944628383691,0.0418301154767053,0.0698596922437202,0.00602105608401846,298734836,18629376,22530917,5562183,1028646,54432158311.1104,2465.47278338351,241039404.019419,10.9177388656212,543421.470497679,138.710175959672,0.00498251197031863,27839.4064652496,110.415422556223
