"Scenario","Agents","PatientYears","CopdPYs","NCaseDetections","DiagnosedPYs","OverdiagnosedPYs","SABA","LAMA","LAMALABA","ICSLAMALABA","Mild","Moderate","Severe","VerySevere","MildPY","ModeratePY","SeverePY","VerySeverePY","NoCOPD","GOLD1","GOLD2","GOLD3","GOLD4","Cost","CostpAgent","QALY","QALYpAgent","NMB","IncrementalCosts","IncrementalQALY","ICER","IncrementalNMB"
"S2NoCD",44157029,729047563.461063,100380900.154714,145000421,19524492.074223,18863743,0.0209029627109113,0.141781753914197,0.159519185673724,0.0873704363140082,22925265,4254784,7099566,609563,0.228382739790797,0.0423863901742486,0.0707262635527043,0.00607249983871931,597538799,37245010,45040554,11117169,2054803,102687192587.025,2325.50049023961,481821542.857639,10.9115480314049,543251.901080006,0,0,NA,0
"S2a",44154576,729145856.381239,100448839.030434,143361789,32595478.4145126,18878233,0.0250078581664384,0.153560443203067,0.241814960491553,0.0950258179639202,22519648,4200194,7025459,605531,0.224190226759883,0.0418142612751096,0.0699406689794734,0.00602825284836329,597564735,37286040,45033303,11135908,2066352,108994087698.382,2468.46640987747,482147541.414379,10.919537341144,543508.400647321,142.965919637863,0.00798930973905954,17894.6522675052,256.499567315099
