"Scenario","Agents","PatientYears","CopdPYs","NCaseDetections","DiagnosedPYs","OverdiagnosedPYs","SABA","LAMA","LAMALABA","ICSLAMALABA","Mild","Moderate","Severe","VerySevere","MildPY","ModeratePY","SeverePY","VerySeverePY","NoCOPD","GOLD1","GOLD2","GOLD3","GOLD4","Cost","CostpAgent","QALY","QALYpAgent","NMB","IncrementalCosts","IncrementalQALY","ICER","IncrementalNMB"
"S3NoCD",172154,2596452.78735856,416267.805614414,799855,76852.8519976863,57928,0.0184663175555707,0.135682012155502,0.151746131492222,0.0848505152457928,97495,17657,29861,2619,0.234212203502255,0.042417404761673,0.0717350695808075,0.0062916227598585,2071385,153396,185269,48874,8728,431630005.938607,2507.23193151833,1729526.5369123,10.0463918172816,499812.358932561,0,0,NA,0
"S3a",172660,2605291.05324027,417975.124944082,794584,109411.999689794,58149,0.0211829044674625,0.142111569094447,0.202419925571435,0.0907405987280129,97401,17791,29901,2514,0.233030613994147,0.0425647339716212,0.071537750013234,0.00601471200071135,2078316,153154,186348,48897,9539,460928261.302202,2669.5717670694,1735995.17777395,10.0544143274293,500051.144604398,162.339835551065,0.00802251014774669,20235.541315789,238.785671836289
"S3b",172336,2597408.50813612,414801.258939302,776924,169415.852493272,58485,0.0271486347115907,0.155884999926056,0.291683023819332,0.09821835965768,93305,17249,29154,2538,0.224939047288797,0.0415837696445469,0.0702842611291739,0.00611859280873443,2073562,151906,185791,48390,8665,474129705.246049,2751.19362899249,1732271.91910635,10.0517124634803,499834.429545025,243.961697474155,0.00532064619874539,45851.8924884878,22.0706124631688
"S3c",172314,2601177.5228161,413310.5842969,785238,140563.814345426,58308,0.0237350606858025,0.152233026717563,0.253031481184533,0.0971151166121421,94971,17967,29976,2568,0.229781195082529,0.0434709409403692,0.0725265723620251,0.00621324519034163,2078632,152348,184613,47450,9041,467593585.703383,2713.61343653669,1734099.08599257,10.0635995101534,500466.362071133,206.381505018356,0.0172076928717892,11993.5604706604,654.003138571163
"S3d",172882,2607171.70051684,418585.196075237,790887,126089.762904885,58037,0.0224653844837245,0.147787431325109,0.22882161964461,0.0926252925910123,96041,18109,30257,2592,0.229441941331192,0.0432623995540088,0.0722839705839993,0.00619228779303058,2079272,153348,187559,48917,8624,474794781.923325,2746.35174236372,1737496.10834776,10.0501851456355,499762.905539412,239.11981084539,0.00379332835392532,63036.9397360368,-49.4533931490732
